Tiffany,Riley,triley0@github.io
Rozanne,Hawsby,rhawsby1@noaa.gov
Abigale,Haselgrove,ahaselgrove2@sbwire.com
Stephanus,Barriball,sbarriball3@harvard.edu
Rip,Luscott,rluscott4@shop-pro.jp
Teirtza,Coverdill,tcoverdill5@etsy.com
Eugine,Saban,esaban6@bigcartel.com
Ruthie,Sehorsch,rsehorsch7@upenn.edu
Debby,Chetham,dchetham8@yellowbook.com
Buddie,Duchatel,bduchatel9@photobucket.com
Joshuah,Seczyk,jseczyka@sohu.com
Brittany,Touhig,btouhigb@google.nl
Lou,Safe,lsafec@xrea.com
Vivienne,Trimnell,vtrimnelld@themeforest.net
Sanders,Jeyness,sjeynesse@chicagotribune.com
Marchall,Knath,mknathf@vk.com
Spenser,Stannard,sstannardg@google.com
Jim,Plose,jploseh@hibu.com
Audy,McMeeking,amcmeekingi@prweb.com
Brittney,Paye,bpayej@yellowpages.com
Merrilee,Boast,mboastk@indiatimes.com
Oralle,Kettley,okettleyl@utexas.edu
Francklyn,Coney,fconeym@canalblog.com
Corly,McSporrin,cmcsporrinn@flavors.me
Agneta,McAlpin,amcalpino@diigo.com
Pippa,Meale,pmealep@google.ru
Olga,Dowry,odowryq@howstuffworks.com
Tamra,Phripp,tphrippr@ed.gov
Horace,Windle,hwindles@wordpress.org
Max,Cumberledge,mcumberledget@myspace.com
Papagena,Denington,pdeningtonu@cam.ac.uk
Edgard,Toone,etoonev@dagondesign.com
Derwin,Drance,ddrancew@fotki.com
Kerrie,Rubinowicz,krubinowiczx@usa.gov
Berna,Baumford,bbaumfordy@taobao.com
Dukey,Norrey,dnorreyz@cisco.com
Georges,Leithgoe,gleithgoe10@guardian.co.uk
Zulema,Rawson,zrawson11@bravesites.com
Lurleen,Giorgi,lgiorgi12@ow.ly
Waly,Chansonnau,wchansonnau13@multiply.com
Daune,Videan,dvidean14@bigcartel.com
Richie,McKiddin,rmckiddin15@posterous.com
Florella,Hollibone,fhollibone16@dropbox.com
Katrina,Chesman,kchesman17@ucsd.edu
Marcille,Bernade,mbernade18@github.io
Ruprecht,Glanert,rglanert19@wp.com
Oliviero,Rableau,orableau1a@hud.gov
Demetra,Kyndred,dkyndred1b@biblegateway.com
Goldy,Clappison,gclappison1c@ox.ac.uk
Davis,Pennick,dpennick1d@japanpost.jp
Cosette,Perett,cperett1e@google.nl
Analise,Shortcliffe,ashortcliffe1f@youtu.be
Winne,McGeagh,wmcgeagh1g@newyorker.com
Hana,Stoven,hstoven1h@whitehouse.gov
Kimberli,Tapply,ktapply1i@arizona.edu
Gaynor,Du Hamel,gduhamel1j@japanpost.jp
Adela,Clinch,aclinch1k@flickr.com
Perry,Scoggan,pscoggan1l@163.com
Reeba,McCambridge,rmccambridge1m@newyorker.com
Adolpho,Leipnik,aleipnik1n@va.gov
Brewer,Mulcahy,bmulcahy1o@fema.gov
Hedwig,Hearnden,hhearnden1p@google.com.au
Nero,Hudless,nhudless1q@typepad.com
Filmer,Gillian,fgillian1r@bloglines.com
Stefa,Willman,swillman1s@state.gov
Madelon,Tookey,mtookey1t@npr.org
Cordelie,Longforth,clongforth1u@purevolume.com
Nicolina,Ankers,nankers1v@pinterest.com
Elihu,Melly,emelly1w@bluehost.com
Scarlet,Yashunin,syashunin1x@yahoo.com
Theressa,Fenemore,tfenemore1y@youtu.be
Keith,Blune,kblune1z@facebook.com
Doreen,Allibon,dallibon20@fc2.com
Berri,Balf,bbalf21@squidoo.com
Rhona,Hacking,rhacking22@google.de
Micheil,Allgood,mallgood23@baidu.com
Renelle,Prescote,rprescote24@dmoz.org
Gaelan,Marquis,gmarquis25@home.pl
Diane-marie,Kobsch,dkobsch26@w3.org
Erastus,Middleton,emiddleton27@woothemes.com
Maynord,Joost,mjoost28@statcounter.com
Vin,Bexley,vbexley29@google.pl
Jeromy,Chasteau,jchasteau2a@microsoft.com
Adrian,Sorbey,asorbey2b@t-online.de
Robinson,Sherwood,rsherwood2c@google.co.jp
Gerty,Freak,gfreak2d@baidu.com
Beitris,Pottery,bpottery2e@tinypic.com
Deloria,Belsher,dbelsher2f@bloomberg.com
Dierdre,Cumpsty,dcumpsty2g@google.nl
Maitilde,Beedom,mbeedom2h@yellowbook.com
Brucie,Gerkens,bgerkens2i@eventbrite.com
Cyndi,Donnachie,cdonnachie2j@51.la
George,Bowles,gbowles2k@uol.com.br
Waylen,Kipling,wkipling2l@comcast.net
Misha,Aylesbury,maylesbury2m@mapquest.com
Ibbie,Ryton,iryton2n@drupal.org
Reine,Menault,rmenault2o@skyrock.com
Ermentrude,Cairns,ecairns2p@youtu.be
Lance,Gurney,lgurney2q@paginegialle.it
Kirk,Tetley,ktetley2r@answers.com
Worth,Russell,wrussell2s@time.com
Dorey,Wintringham,dwintringham2t@exblog.jp
Adriaens,Bromont,abromont2u@google.fr
Christoforo,Eldredge,celdredge2v@devhub.com
Dorothea,Quantick,dquantick2w@springer.com
Marcelle,Fee,mfee2x@theatlantic.com
Ketti,Hearse,khearse2y@google.co.jp
Angela,Anning,aanning2z@admin.ch
Lucille,Wayland,lwayland30@wikispaces.com
Waverly,Chadbourne,wchadbourne31@jugem.jp
Hort,Gozzard,hgozzard32@51.la
Torry,Jack,tjack33@myspace.com
Dame,Penas,dpenas34@about.com
Hope,Hatchard,hhatchard35@wunderground.com
Jessamyn,Cape,jcape36@paypal.com
Gaspard,Heath,gheath37@yellowpages.com
Florina,Torrejon,ftorrejon38@mayoclinic.com
Gleda,Kimbury,gkimbury39@uiuc.edu
Ilka,Kondratenko,ikondratenko3a@cbsnews.com
Nanete,Capner,ncapner3b@biglobe.ne.jp
Harmonie,Gason,hgason3c@home.pl
Peadar,Rotte,protte3d@istockphoto.com
Mahmud,Astlett,mastlett3e@domainmarket.com
Siward,Hartly,shartly3f@ftc.gov
Shawna,Ilett,silett3g@theatlantic.com
Marge,Brason,mbrason3h@guardian.co.uk
Thorsten,Bloyes,tbloyes3i@list-manage.com
Gradey,Reede,greede3j@wp.com
Nelly,Pickburn,npickburn3k@state.tx.us
Rochell,Ridolfo,rridolfo3l@reuters.com
Page,Featherstone,pfeatherstone3m@pcworld.com
Tybie,Heskin,theskin3n@patch.com
Brietta,Orrum,borrum3o@lycos.com
Dion,Culverhouse,dculverhouse3p@example.com
Curcio,Knolles-Green,cknollesgreen3q@gravatar.com
Crissy,Sorey,csorey3r@mac.com
Glyn,Garraway,ggarraway3s@1und1.de
Juliette,Bernardt,jbernardt3t@flickr.com
Libbey,Carnock,lcarnock3u@msn.com
Jocko,Mordy,jmordy3v@whitehouse.gov
Clare,Benneton,cbenneton3w@tamu.edu
Pedro,Kipping,pkipping3x@patch.com
Kellie,Sterling,ksterling3y@economist.com
Hynda,Pauli,hpauli3z@jugem.jp
Bertrand,Rappport,brappport40@skype.com
Guthry,Mardle,gmardle41@seattletimes.com
Caroline,Tibb,ctibb42@4shared.com
Joelly,Medd,jmedd43@creativecommons.org
Benoit,Bouda,bbouda44@army.mil
Millie,Ovill,movill45@miitbeian.gov.cn
Iseabal,Dishman,idishman46@businessinsider.com
Claudette,Braidford,cbraidford47@wp.com
Tabbitha,Thackray,tthackray48@live.com
Nickolai,Vanyatin,nvanyatin49@e-recht24.de
Mikaela,Lamperti,mlamperti4a@tamu.edu
Cyndy,Flatt,cflatt4b@facebook.com
Drusie,Tidswell,dtidswell4c@cnet.com
Beth,Snaddin,bsnaddin4d@youku.com
Rodge,Farady,rfarady4e@phpbb.com
Cloris,Gilbey,cgilbey4f@cdbaby.com
Esma,Boullen,eboullen4g@soundcloud.com
Maria,Curuclis,mcuruclis4h@pbs.org
Sibelle,Pocknoll,spocknoll4i@cdc.gov
Angie,Champneys,achampneys4j@pbs.org
Rosalynd,Van Weedenburg,rvanweedenburg4k@blinklist.com
Caterina,Patillo,cpatillo4l@comsenz.com
Humphrey,Dufour,hdufour4m@jigsy.com
Felicle,Rowantree,frowantree4n@mozilla.com
Edward,Bremner,ebremner4o@paypal.com
Tabbi,Sauvage,tsauvage4p@sbwire.com
Donovan,Cran,dcran4q@hp.com
Wye,Gurnell,wgurnell4r@ftc.gov
Reeba,Vickarman,rvickarman4s@ustream.tv
Kiley,Foskew,kfoskew4t@google.ru
Clari,Withull,cwithull4u@amazon.co.jp
Joye,Tench,jtench4v@trellian.com
Aluino,Torbard,atorbard4w@youtube.com
Christalle,Aizikov,caizikov4x@blogs.com
Donny,Jouanot,djouanot4y@ow.ly
Kale,Ewbank,kewbank4z@cyberchimps.com
Lisette,Emmott,lemmott50@goodreads.com
Adolphus,Gryglewski,agryglewski51@creativecommons.org
Leoline,Welling,lwelling52@multiply.com
Renell,Piburn,rpiburn53@storify.com
Boigie,Cordell,bcordell54@unblog.fr
Minna,Kaine,mkaine55@time.com
May,Dolder,mdolder56@howstuffworks.com
Jim,De Bruijn,jdebruijn57@wp.com
Sher,MacLise,smaclise58@myspace.com
Goddard,Woodrough,gwoodrough59@washingtonpost.com
Raye,Benedick,rbenedick5a@odnoklassniki.ru
Elvyn,Gaunt,egaunt5b@prnewswire.com
Jedidiah,Paxforde,jpaxforde5c@themeforest.net
Grace,Beddie,gbeddie5d@sogou.com
Ferne,Thunderchief,fthunderchief5e@delicious.com
Reinwald,Hamblin,rhamblin5f@irs.gov
Fara,Berceros,fberceros5g@wikia.com
Ebonee,Blaydon,eblaydon5h@bizjournals.com
Aggy,Whayman,awhayman5i@cbslocal.com
Fredek,Beart,fbeart5j@toplist.cz
Kilian,Dinneges,kdinneges5k@wired.com
Golda,Gerber,ggerber5l@irs.gov
Prisca,Sammut,psammut5m@dyndns.org
Base,Buggs,bbuggs5n@yahoo.co.jp
Katusha,Geertsen,kgeertsen5o@lulu.com
Chane,Rieflin,crieflin5p@instagram.com
Cleon,Adamovich,cadamovich5q@senate.gov
Geri,Duberry,gduberry5r@wunderground.com
Brittni,Prendeguest,bprendeguest5s@cnn.com
Cornela,Tissington,ctissington5t@msu.edu
Haze,Dumphries,hdumphries5u@nature.com
Jecho,Lemm,jlemm5v@google.pl
Amara,Vequaud,avequaud5w@studiopress.com
Peter,Ivkovic,pivkovic5x@unicef.org
Evita,Chaundy,echaundy5y@github.io
Fredra,Davidde,fdavidde5z@ucsd.edu
Fayina,Oates,foates60@elpais.com
Lisle,Alty,lalty61@diigo.com
Debor,Leachman,dleachman62@youtube.com
Ilario,Primak,iprimak63@eepurl.com
Gerard,Brinded,gbrinded64@joomla.org
Sergio,Lemerie,slemerie65@toplist.cz
Marley,Stangroom,mstangroom66@trellian.com
Mindy,Hardwidge,mhardwidge67@timesonline.co.uk
Anita,Cutts,acutts68@deliciousdays.com
Nessie,Cannicott,ncannicott69@usgs.gov
Osmund,Ridley,oridley6a@google.de
Gabi,McKilroe,gmckilroe6b@blog.com
Alexei,Horsell,ahorsell6c@spotify.com
Dennie,Austen,dausten6d@yolasite.com
Aarika,Ramplee,aramplee6e@yelp.com
Cami,Ruste,cruste6f@whitehouse.gov
Carroll,Weddup,cweddup6g@about.me
Blisse,Edser,bedser6h@free.fr
Allene,Doman,adoman6i@independent.co.uk
Regina,Gommes,rgommes6j@typepad.com
Jeannine,Brydone,jbrydone6k@naver.com
Orelle,Milbank,omilbank6l@yandex.ru
Jervis,Duffree,jduffree6m@twitpic.com
Babette,Farnaby,bfarnaby6n@opera.com
Happy,Janssens,hjanssens6o@army.mil
Mommy,Charlick,mcharlick6p@addtoany.com
Royal,Nordass,rnordass6q@yolasite.com
Katerina,Scogin,kscogin6r@hexun.com
Elias,Orcas,eorcas6s@indiegogo.com
Rodie,Duffil,rduffil6t@goo.ne.jp
Sarine,Folder,sfolder6u@ycombinator.com
Stevy,Doerren,sdoerren6v@nydailynews.com
Orazio,Stokoe,ostokoe6w@wikipedia.org
Vyky,Volleth,vvolleth6x@domainmarket.com
Ruthanne,Pickthorn,rpickthorn6y@desdev.cn
Kristel,Jori,kjori6z@devhub.com
Cherianne,Keford,ckeford70@google.co.jp
Garrik,Gathercole,ggathercole71@foxnews.com
Dasi,Imlach,dimlach72@twitpic.com
Herb,Gottelier,hgottelier73@google.pl
Chantal,Vellacott,cvellacott74@constantcontact.com
Townie,Ziemecki,tziemecki75@guardian.co.uk
Armin,Carbert,acarbert76@hc360.com
Caroljean,Abraham,cabraham77@artisteer.com
Randolph,Seabridge,rseabridge78@gizmodo.com
Waiter,Rentz,wrentz79@mit.edu
Leonora,Attwoull,lattwoull7a@hao123.com
Brenden,Clucas,bclucas7b@tmall.com
Goddart,Tomsu,gtomsu7c@apache.org
Eugenius,Ruler,eruler7d@csmonitor.com
Belva,Sellan,bsellan7e@google.com.br
Wiatt,Macon,wmacon7f@census.gov
Rosella,Stewartson,rstewartson7g@wikipedia.org
Reade,Roon,rroon7h@soup.io
Cindee,Woodroffe,cwoodroffe7i@google.com
Aristotle,Millen,amillen7j@pinterest.com
Pablo,Megarry,pmegarry7k@netvibes.com
Josy,Klimowicz,jklimowicz7l@stanford.edu
Josepha,Sidworth,jsidworth7m@prlog.org
Adolpho,Varnes,avarnes7n@sogou.com
Ritchie,Plews,rplews7o@ning.com
Kelcy,Wharby,kwharby7p@oaic.gov.au
Jaymie,Worral,jworral7q@behance.net
Hallie,Siggers,hsiggers7r@mayoclinic.com
Layla,Cisco,lcisco7s@shareasale.com
Shep,Mowsdill,smowsdill7t@netvibes.com
Ardra,Preddle,apreddle7u@multiply.com
Babita,Tomkowicz,btomkowicz7v@foxnews.com
Pet,Santry,psantry7w@ox.ac.uk
Lancelot,Kinnard,lkinnard7x@patch.com
Carlen,Sarchwell,csarchwell7y@stumbleupon.com
Nikolaos,Saurat,nsaurat7z@dmoz.org
Yard,Stratford,ystratford80@last.fm
Briney,Franzonetti,bfranzonetti81@wordpress.org
Beale,Hedney,bhedney82@youku.com
Korry,Farncombe,kfarncombe83@kickstarter.com
Basilio,Parkey,bparkey84@cisco.com
Thedrick,Minall,tminall85@chron.com
Meggi,Folling,mfolling86@cbsnews.com
Fabian,Crat,fcrat87@psu.edu
Bette,Edmonston,bedmonston88@drupal.org
Siobhan,Parrington,sparrington89@earthlink.net
Lem,Asling,lasling8a@prnewswire.com
Appolonia,Clegg,aclegg8b@elpais.com
Robin,Fray,rfray8c@hc360.com
Hamid,Feavearyear,hfeavearyear8d@samsung.com
Dode,Hethron,dhethron8e@examiner.com
Marcela,Hedde,mhedde8f@soundcloud.com
Vivienne,Rugiero,vrugiero8g@last.fm
Thibaut,Fellow,tfellow8h@time.com
Walker,Sambedge,wsambedge8i@liveinternet.ru
Rodge,Torel,rtorel8j@lycos.com
Curcio,Siebert,csiebert8k@pinterest.com
Benedicta,Celiz,bceliz8l@123-reg.co.uk
Korella,Keppin,kkeppin8m@dailymail.co.uk
Ettore,Beentjes,ebeentjes8n@spotify.com
Chip,Rissom,crissom8o@bigcartel.com
Damian,Fudger,dfudger8p@edublogs.org
Odelia,Ianittello,oianittello8q@dell.com
Anne-marie,Georgiev,ageorgiev8r@army.mil
Saxon,Givens,sgivens8s@odnoklassniki.ru
Ysabel,Froggatt,yfroggatt8t@go.com
Jory,Klaas,jklaas8u@cyberchimps.com
Alana,MacCafferty,amaccafferty8v@unc.edu
Auberta,Morby,amorby8w@upenn.edu
Darlene,Methley,dmethley8x@elegantthemes.com
Ema,Cater,ecater8y@photobucket.com
Ursula,Winear,uwinear8z@flickr.com
Tiffany,Grainge,tgrainge90@house.gov
Paten,Blick,pblick91@yellowpages.com
Ilene,Longmate,ilongmate92@vk.com
Vincenty,Harbour,vharbour93@tinypic.com
Yasmin,Python,ypython94@com.com
Steward,Saterthwait,ssaterthwait95@nasa.gov
Montgomery,Pentlow,mpentlow96@rakuten.co.jp
Anselm,Nerne,anerne97@pen.io
Cordey,Colvin,ccolvin98@yahoo.co.jp
Min,Noyce,mnoyce99@mysql.com
Babbie,Crossley,bcrossley9a@kickstarter.com
Estella,Dennidge,edennidge9b@si.edu
Florina,Burnsyde,fburnsyde9c@ocn.ne.jp
Jesse,Dann,jdann9d@adobe.com
Sherlock,Steaning,ssteaning9e@wikipedia.org
Jenn,Bresson,jbresson9f@goodreads.com
Paige,Charlo,pcharlo9g@exblog.jp
Carmon,Wait,cwait9h@netscape.com
Verla,Upham,vupham9i@slate.com
Angelina,Grinston,agrinston9j@eepurl.com
Forbes,Drohun,fdrohun9k@sphinn.com
Heath,Oiller,hoiller9l@google.cn
Kingsley,Lunt,klunt9m@blogs.com
Dave,Carman,dcarman9n@dailymail.co.uk
Viole,Eppson,veppson9o@networksolutions.com
Florencia,Lodovichi,flodovichi9p@cdc.gov
Herbie,Leuchars,hleuchars9q@thetimes.co.uk
Rosco,Ivic,rivic9r@auda.org.au
Erda,Walls,ewalls9s@istockphoto.com
Cy,Learmond,clearmond9t@economist.com
Chad,Iozefovich,ciozefovich9u@telegraph.co.uk
Aluin,Batrip,abatrip9v@booking.com
Rozanne,Pentycross,rpentycross9w@census.gov
Caldwell,Siemons,csiemons9x@people.com.cn
Holly-anne,Tink,htink9y@europa.eu
Ephrayim,Peperell,epeperell9z@bandcamp.com
Drucy,Brader,dbradera0@people.com.cn
Vaughan,Millar,vmillara1@about.com
Jayson,Hempshall,jhempshalla2@biblegateway.com
Gustav,Robberecht,grobberechta3@123-reg.co.uk
Kellie,Pittson,kpittsona4@fema.gov
Naomi,Biesterfeld,nbiesterfelda5@shinystat.com
Woodman,Feehily,wfeehilya6@tiny.cc
Adella,Wasson,awassona7@gov.uk
Korey,Karppi,kkarppia8@zimbio.com
Roscoe,Huston,rhustona9@edublogs.org
Royal,Hartas,rhartasaa@smh.com.au
Ogdan,Riolfo,oriolfoab@ehow.com
Nari,Firpi,nfirpiac@free.fr
Dulsea,Dictus,ddictusad@google.com.hk
Viviyan,Bardey,vbardeyae@sina.com.cn
Hughie,Rockell,hrockellaf@redcross.org
Vinson,Fluin,vfluinag@nifty.com
Janina,Dominichelli,jdominichelliah@goodreads.com
Parry,Sivills,psivillsai@howstuffworks.com
Sigismund,Schleicher,sschleicheraj@1und1.de
Elsey,Tine,etineak@ovh.net
Deloria,Rainton,draintonal@virginia.edu
Reinaldos,Bertson,rbertsonam@cpanel.net
Lana,Rosentholer,lrosentholeran@ameblo.jp
Barty,Simkins,bsimkinsao@istockphoto.com
Jeremias,Stranahan,jstranahanap@shinystat.com
Noe,Snasdell,nsnasdellaq@unc.edu
Olivette,Mold,omoldar@sourceforge.net
Freddy,Northen,fnorthenas@tinyurl.com
Melanie,East,meastat@mail.ru
Arley,Demcak,ademcakau@ftc.gov
Gauthier,Grishunin,ggrishuninav@hp.com
Arch,Parfrey,aparfreyaw@flickr.com
Kariotta,Brandenburg,kbrandenburgax@ted.com
Lizbeth,Gomery,lgomeryay@pinterest.com
Tibold,Cristofari,tcristofariaz@dmoz.org
Mikey,Eccleston,mecclestonb0@boston.com
Sibylla,Kleeman,skleemanb1@dailymail.co.uk
Beverly,Imlin,bimlinb2@sohu.com
Elmer,Latan,elatanb3@wsj.com
Laughton,Sackes,lsackesb4@freewebs.com
Leonanie,Louisot,llouisotb5@eventbrite.com
Vick,Blowick,vblowickb6@technorati.com
Padgett,Haslum,phaslumb7@symantec.com
Dalia,Craney,dcraneyb8@elpais.com
Kristoffer,McDavitt,kmcdavittb9@wordpress.com
Lauraine,Oaker,loakerba@youtube.com
Towney,Kupisz,tkupiszbb@dell.com
Malory,Faughnan,mfaughnanbc@histats.com
Pacorro,Henrys,phenrysbd@blinklist.com
Robby,Brunton,rbruntonbe@tumblr.com
Richy,Pedersen,rpedersenbf@boston.com
Talia,McGrath,tmcgrathbg@surveymonkey.com
Briant,Hearson,bhearsonbh@wix.com
Laney,Cumbers,lcumbersbi@nasa.gov
Robbin,Creyke,rcreykebj@taobao.com
Aurora,Affleck,aaffleckbk@noaa.gov
Madlin,Bratt,mbrattbl@icq.com
Lilla,Matzaitis,lmatzaitisbm@discuz.net
Nero,Poundford,npoundfordbn@angelfire.com
Dorena,Cleghorn,dcleghornbo@harvard.edu
Simona,Feeny,sfeenybp@mayoclinic.com
Chantalle,Clara,cclarabq@stumbleupon.com
Micah,Lambersen,mlambersenbr@uiuc.edu
Anjanette,Eyree,aeyreebs@thetimes.co.uk
Tiertza,Cheson,tchesonbt@toplist.cz
Isac,Powles,ipowlesbu@typepad.com
Maje,Silburn,msilburnbv@amazonaws.com
Biddie,Bartkowiak,bbartkowiakbw@hexun.com
Daryle,Nellen,dnellenbx@1und1.de
Ingram,Nesey,ineseyby@nih.gov
Angela,Natwick,anatwickbz@dmoz.org
Wendye,Greenin,wgreeninc0@nbcnews.com
Anne-marie,Jakubovitch,ajakubovitchc1@jigsy.com
Bordie,Mogie,bmogiec2@si.edu
Violet,Domingues,vdominguesc3@unicef.org
Ringo,Seivertsen,rseivertsenc4@vistaprint.com
Tamas,MacLucais,tmaclucaisc5@businesswire.com
Rolland,Corley,rcorleyc6@hc360.com
Brooks,Cawsy,bcawsyc7@people.com.cn
Leopold,Fessions,lfessionsc8@free.fr
Audie,O'Hern,aohernc9@sohu.com
Cynde,Geely,cgeelyca@pinterest.com
Joyan,Tinline,jtinlinecb@ed.gov
Yul,Rickeard,yrickeardcc@myspace.com
Tynan,McCuish,tmccuishcd@dailymail.co.uk
Whittaker,Corradi,wcorradice@ycombinator.com
Zak,Sneezem,zsneezemcf@webeden.co.uk
Isabella,Cainey,icaineycg@dyndns.org
Rafferty,Schuchmacher,rschuchmacherch@t-online.de
Dennet,Sperski,dsperskici@omniture.com
Elyse,Tonnesen,etonnesencj@oracle.com
Eva,Sheed,esheedck@newsvine.com
Sanders,Jarvis,sjarviscl@theatlantic.com
Kore,Stuer,kstuercm@bloglovin.com
Bernadina,Kildea,bkildeacn@yale.edu
Clerkclaude,Viscovi,cviscovico@businessweek.com
Noble,Gosnoll,ngosnollcp@mit.edu
Carissa,Camacho,ccamachocq@sfgate.com
Humfried,O'Farris,hofarriscr@nasa.gov
Ricki,Doherty,rdohertycs@seattletimes.com
Dal,Magauran,dmagauranct@wired.com
Hubey,Simnell,hsimnellcu@merriam-webster.com
Coriss,Longden,clongdencv@ft.com
Hamish,Gilliver,hgillivercw@google.pl
Skip,Verson,sversoncx@pinterest.com
Emmi,Beddon,ebeddoncy@howstuffworks.com
Aldon,Haglington,ahaglingtoncz@mit.edu
Norby,Masseo,nmasseod0@qq.com
Sianna,Kobel,skobeld1@comsenz.com
Daveen,Ettles,dettlesd2@alexa.com
Brien,Organ,borgand3@ning.com
Hall,Titmus,htitmusd4@bbb.org
Sheelagh,Bilfoot,sbilfootd5@live.com
Horst,Pennycook,hpennycookd6@webs.com
Teresa,Baltzar,tbaltzard7@bizjournals.com
Thom,Tabour,ttabourd8@kickstarter.com
Masha,Succamore,msuccamored9@bandcamp.com
Fredek,Stainson,fstainsonda@domainmarket.com
Hatti,Robecon,hrobecondb@furl.net
Benjy,Tidcomb,btidcombdc@vinaora.com
Maxi,Bromwich,mbromwichdd@de.vu
Gabriella,Boatwright,gboatwrightde@cdc.gov
La verne,Sellar,lsellardf@mlb.com
Emiline,Marfe,emarfedg@ebay.com
Cal,Ocheltree,cocheltreedh@domainmarket.com
Torey,Muslim,tmuslimdi@redcross.org
Devonne,Hargreave,dhargreavedj@geocities.com
Demetrius,Peeke,dpeekedk@hostgator.com
Leonanie,Follacaro,lfollacarodl@ehow.com
Estella,Barbrick,ebarbrickdm@wufoo.com
Sephira,Bramley,sbramleydn@joomla.org
Gustie,Percifer,gperciferdo@godaddy.com
Joachim,Prattington,jprattingtondp@dedecms.com
Evelin,Bubbear,ebubbeardq@ebay.co.uk
Minny,Kaasmann,mkaasmanndr@ihg.com
Terese,Shankle,tshankleds@dion.ne.jp
Hilde,Dannohl,hdannohldt@ycombinator.com
Alvis,Pagden,apagdendu@umich.edu
Vittorio,Scrowson,vscrowsondv@i2i.jp
Jeremie,Boniface,jbonifacedw@unicef.org
Cherilynn,Sokill,csokilldx@tripadvisor.com
Anthe,Smedley,asmedleydy@disqus.com
Sig,Ropert,sropertdz@ehow.com
Lammond,Kunrad,lkunrade0@ning.com
Josselyn,Moles,jmolese1@narod.ru
Sasha,Dabnot,sdabnote2@booking.com
Marshal,Antognazzi,mantognazzie3@psu.edu
Carlin,Shasnan,cshasnane4@hubpages.com
Shae,McLaughlan,smclaughlane5@salon.com
Gaspard,Dinzey,gdinzeye6@imdb.com
Alvie,Cowmeadow,acowmeadowe7@stanford.edu
Trixie,Willeson,twillesone8@gnu.org
Conan,Mewis,cmewise9@biglobe.ne.jp
Amalita,Norvell,anorvellea@mapquest.com
Tessi,Maryott,tmaryotteb@usa.gov
Goddard,Ellaway,gellawayec@hugedomains.com
Karoly,Fibbens,kfibbensed@seattletimes.com
Madalyn,Godly,mgodlyee@bizjournals.com
Rodolfo,Winspire,rwinspireef@sfgate.com
Nico,Halpin,nhalpineg@angelfire.com
Morgen,Swalough,mswalougheh@xrea.com
Pate,Franseco,pfransecoei@seattletimes.com
Mariam,Lindfors,mlindforsej@cdbaby.com
Benyamin,Mendes,bmendesek@nhs.uk
Sherwin,Schule,sschuleel@free.fr
Milissent,Menezes,mmenezesem@ustream.tv
Bearnard,Lailey,blaileyen@latimes.com
Aida,Gravenell,agravenelleo@tripod.com
Jamima,McNerlin,jmcnerlinep@ow.ly
Duane,Durdle,ddurdleeq@pcworld.com
Cordy,Attard,cattarder@rediff.com
Bat,Alsina,balsinaes@unc.edu
Basia,Tattersall,btattersallet@vkontakte.ru
Erin,Meekings,emeekingseu@cisco.com
Gerladina,Sloyan,gsloyanev@zdnet.com
Vivi,Giacoboni,vgiacoboniew@comcast.net
Aida,Annatt,aannattex@nba.com
Karalee,Waterman,kwatermaney@technorati.com
Lamond,Pfaff,lpfaffez@pcworld.com
Corie,Giller,cgillerf0@hugedomains.com
Kelly,Wilhelmy,kwilhelmyf1@hibu.com
Emilio,Cattanach,ecattanachf2@goo.gl
Susanna,Tester,stesterf3@surveymonkey.com
Tanny,Jakoviljevic,tjakoviljevicf4@stumbleupon.com
Charlean,Ordish,cordishf5@flickr.com
Saxon,McKinney,smckinneyf6@shinystat.com
Wittie,Vaissiere,wvaissieref7@exblog.jp
Cory,Gallienne,cgalliennef8@cloudflare.com
Cloris,Guerola,cguerolaf9@yelp.com
Gisele,Keems,gkeemsfa@fda.gov
Marjie,Pontefract,mpontefractfb@rakuten.co.jp
Barrie,Lynett,blynettfc@independent.co.uk
Tabb,Rowell,trowellfd@elpais.com
Noach,Campos,ncamposfe@china.com.cn
Virgie,Chiommienti,vchiommientiff@elpais.com
Leshia,Greenrde,lgreenrdefg@godaddy.com
Justin,Cultcheth,jcultchethfh@aol.com
Averil,Escoffrey,aescoffreyfi@shutterfly.com
Vasilis,Loveguard,vloveguardfj@skyrock.com
Carena,Bergen,cbergenfk@merriam-webster.com
Jordana,Londing,jlondingfl@digg.com
Calhoun,Lazer,clazerfm@last.fm
Ellis,Melburg,emelburgfn@list-manage.com
Ayn,Joy,ajoyfo@ca.gov
Windham,Fincken,wfinckenfp@scribd.com
Eberhard,Stroband,estrobandfq@nbcnews.com
Grover,Vere,gverefr@themeforest.net
Jade,Brahm,jbrahmfs@blinklist.com
Marianna,Georgot,mgeorgotft@lulu.com
Dorisa,Cabrales,dcabralesfu@usda.gov
Boony,Coale,bcoalefv@twitpic.com
Emerson,Borsay,eborsayfw@pcworld.com
Elise,Medcalf,emedcalffx@xing.com
Berget,Pahl,bpahlfy@simplemachines.org
Min,Mansbridge,mmansbridgefz@smugmug.com
Orelee,Kenninghan,okenninghang0@desdev.cn
Rowen,Toulch,rtoulchg1@msn.com
Kizzie,Thurner,kthurnerg2@marriott.com
Windy,Bullan,wbullang3@cloudflare.com
Mac,Grove,mgroveg4@acquirethisname.com
Renaud,Bromage,rbromageg5@cnet.com
Aimil,O' Lone,aoloneg6@fc2.com
Mareah,Aymerich,maymerichg7@booking.com
Grenville,Kevane,gkevaneg8@wordpress.org
Nita,Ramsay,nramsayg9@marketwatch.com
Norton,Rowell,nrowellga@istockphoto.com
Cathyleen,Sarvar,csarvargb@apache.org
Ardyce,Dadge,adadgegc@google.com
Antoine,Hanscombe,ahanscombegd@pen.io
Chick,Ahrenius,cahreniusge@toplist.cz
Philippe,Le Gall,plegallgf@cnbc.com
Bethina,Goldsmith,bgoldsmithgg@prlog.org
Eb,Steels,esteelsgh@indiatimes.com
Cathy,Skells,cskellsgi@buzzfeed.com
Willabella,Carleman,wcarlemangj@cocolog-nifty.com
Vinny,Mollnar,vmollnargk@tuttocitta.it
Ingeberg,Courtes,icourtesgl@cisco.com
Johannah,Sandham,jsandhamgm@icq.com
Justinn,Pinke,jpinkegn@domainmarket.com
Maye,Leney,mleneygo@kickstarter.com
Boonie,Krzysztofiak,bkrzysztofiakgp@weibo.com
Lucho,Garken,lgarkengq@nytimes.com
Elmira,Beilby,ebeilbygr@gmpg.org
Nealson,Pettifor,npettiforgs@soundcloud.com
Yorgos,O'Scollain,yoscollaingt@cdbaby.com
Phelia,Bowry,pbowrygu@theglobeandmail.com
Andrei,Eastabrook,aeastabrookgv@go.com
Odille,Hurworth,ohurworthgw@scribd.com
Remington,Battany,rbattanygx@wp.com
Jacinda,Sayle,jsaylegy@discovery.com
Catarina,Jacobi,cjacobigz@spotify.com
Brandi,Draijer,bdraijerh0@springer.com
Sophie,Sherrock,ssherrockh1@xing.com
Rosaline,Underwood,runderwoodh2@gov.uk
Drud,Bauckham,dbauckhamh3@diigo.com
Lanna,Hobbert,lhobberth4@eventbrite.com
Bethena,Wellbelove,bwellbeloveh5@slideshare.net
Jerrold,Stannett,jstannetth6@1688.com
Haily,Houten,hhoutenh7@google.nl
Marie,Seifert,mseiferth8@ow.ly
Archy,Backen,abackenh9@plala.or.jp
Gertie,Markson,gmarksonha@barnesandnoble.com
Karim,Aymer,kaymerhb@hp.com
Burk,Piner,bpinerhc@blogs.com
Asa,Seeley,aseeleyhd@4shared.com
Sara-ann,Bettis,sbettishe@washingtonpost.com
Coralie,Duplain,cduplainhf@nba.com
Humfried,O'Mara,homarahg@miibeian.gov.cn
Torry,Spieght,tspieghthh@angelfire.com
Sheila-kathryn,Bottrell,sbottrellhi@pbs.org
Charo,Jarrard,cjarrardhj@sciencedirect.com
Madelin,Skellorne,mskellornehk@simplemachines.org
Kirbee,Blaschke,kblaschkehl@cisco.com
Gregory,Chapell,gchapellhm@un.org
Lorry,Gibbings,lgibbingshn@deliciousdays.com
Dieter,Savary,dsavaryho@dmoz.org
Jeffrey,Szreter,jszreterhp@twitter.com
Erena,Robecon,erobeconhq@cdbaby.com
Wald,Bucknill,wbucknillhr@accuweather.com
Sandro,Worling,sworlinghs@lycos.com
Audie,Hallitt,ahallittht@dyndns.org
Gavrielle,Kohn,gkohnhu@blog.com
Barbara,Melly,bmellyhv@so-net.ne.jp
Buddie,Zmitrovich,bzmitrovichhw@gizmodo.com
Dalila,Burnyeat,dburnyeathx@xing.com
Nani,Tanby,ntanbyhy@nydailynews.com
Welby,Sarson,wsarsonhz@shutterfly.com
Pippa,Towsie,ptowsiei0@taobao.com
Loralie,Keddey,lkeddeyi1@timesonline.co.uk
Gayleen,Fishburn,gfishburni2@businesswire.com
Shirlene,Feltoe,sfeltoei3@jalbum.net
Christyna,Jobbins,cjobbinsi4@360.cn
Alford,Fuchs,afuchsi5@t.co
Madelaine,Broschke,mbroschkei6@globo.com
Elsa,Ferrillio,eferrillioi7@dagondesign.com
Glynn,Keightley,gkeightleyi8@army.mil
Annecorinne,Willars,awillarsi9@tinypic.com
Red,Gresley,rgresleyia@google.co.uk
Tatiana,McDermott-Row,tmcdermottrowib@cisco.com
Garfield,Whitney,gwhitneyic@technorati.com
Uriel,Mulhill,umulhillid@gravatar.com
Sapphire,Gras,sgrasie@networkadvertising.org
Jacquelyn,Sangwine,jsangwineif@indiatimes.com
Nanni,Gresser,ngresserig@pcworld.com
Winny,Chasmor,wchasmorih@independent.co.uk
Seka,Ivankovic,sivankovicii@barnesandnoble.com
Mortimer,Adrain,madrainij@nationalgeographic.com
Garrett,Dytham,gdythamik@exblog.jp
Lorene,Del Castello,ldelcastelloil@joomla.org
Clarabelle,Kield,ckieldim@timesonline.co.uk
Robby,Bolter,rbolterin@jugem.jp
Perry,Deluca,pdelucaio@fc2.com
Guglielma,Calverley,gcalverleyip@mail.ru
Winthrop,Clamp,wclampiq@angelfire.com
Kania,Esposito,kespositoir@forbes.com
Mirilla,Rapley,mrapleyis@wix.com
Roobbie,Warricker,rwarrickerit@freewebs.com
Gwenneth,Ygo,gygoiu@nsw.gov.au
Lannie,Beagrie,lbeagrieiv@liveinternet.ru
Muffin,Beaudry,mbeaudryiw@japanpost.jp
Eddy,Jeacocke,ejeacockeix@shinystat.com
Karil,Vivian,kvivianiy@rediff.com
Suzanne,Cogin,scoginiz@chronoengine.com
Claudina,Jursch,cjurschj0@tmall.com
Bradford,Ciccottio,bciccottioj1@hexun.com
Uriel,Ayliffe,uayliffej2@usnews.com
Netti,Hillburn,nhillburnj3@utexas.edu
Wendye,Withams,wwithamsj4@oracle.com
Der,Tackes,dtackesj5@msu.edu
Ibbie,Naire,inairej6@imdb.com
Arleta,O'Regan,aoreganj7@engadget.com
Winn,Levensky,wlevenskyj8@usatoday.com
Lynde,Hovenden,lhovendenj9@eventbrite.com
Mace,Cribbott,mcribbottja@hubpages.com
Suki,Conws,sconwsjb@pcworld.com
Devi,Aves,davesjc@amazon.de
Farly,Dancer,fdancerjd@cam.ac.uk
Marijo,Pardoe,mpardoeje@eventbrite.com
Jasper,Melbourn,jmelbournjf@yellowpages.com
Avivah,Bonome,abonomejg@buzzfeed.com
Kirbee,Santer,ksanterjh@1688.com
Mellie,Burgum,mburgumji@cyberchimps.com
Miner,Trimby,mtrimbyjj@aboutads.info
Carri,Leathes,cleathesjk@godaddy.com
Kristofer,Cicco,kciccojl@ovh.net
Jephthah,Esselin,jesselinjm@yolasite.com
Appolonia,Penright,apenrightjn@chron.com
Myer,Gready,mgreadyjo@ihg.com
Querida,Raycroft,qraycroftjp@yellowbook.com
Corby,Donnachie,cdonnachiejq@earthlink.net
Leodora,Hrinchishin,lhrinchishinjr@answers.com
Horatius,Joynson,hjoynsonjs@usda.gov
Rosabel,Jalland,rjallandjt@mysql.com
Wyatan,Crinson,wcrinsonju@drupal.org
Cassey,Hulse,chulsejv@xinhuanet.com
Nadean,Meddemmen,nmeddemmenjw@samsung.com
Niall,Haslen,nhaslenjx@weibo.com
Colin,Crosdill,ccrosdilljy@squidoo.com
Nanice,Cissell,ncisselljz@technorati.com
Carole,Terren,cterrenk0@hexun.com
Minnaminnie,Burchett,mburchettk1@smh.com.au
Claudius,Slimmon,cslimmonk2@cocolog-nifty.com
Berthe,Farady,bfaradyk3@is.gd
Mona,Clelle,mclellek4@delicious.com
Codie,Piggens,cpiggensk5@cpanel.net
Ashla,Wilber,awilberk6@list-manage.com
Adelina,De Launde,adelaundek7@youtube.com
Orlando,Peattie,opeattiek8@mapy.cz
Gannon,Willman,gwillmank9@ycombinator.com
Kass,Bradock,kbradockka@sitemeter.com
Alaster,Penylton,apenyltonkb@salon.com
Emlyn,Stubbley,estubbleykc@gov.uk
Austina,Wolledge,awolledgekd@youtube.com
Adora,O'Drought,aodroughtke@nydailynews.com
Jessey,Wollers,jwollerskf@comsenz.com
Selma,Hazel,shazelkg@symantec.com
Patrice,Pounder,ppounderkh@bigcartel.com
Kirsten,Feathers,kfeatherski@sogou.com
Shara,Thomassen,sthomassenkj@ovh.net
Rutledge,Ryley,rryleykk@youtube.com
Weider,Kilmurry,wkilmurrykl@cdbaby.com
Orren,Kestian,okestiankm@discuz.net
Coraline,Corhard,ccorhardkn@earthlink.net
Rachel,Cluney,rcluneyko@hc360.com
Tresa,Waddingham,twaddinghamkp@usgs.gov
Janeen,Aleksandrev,jaleksandrevkq@salon.com
Baxter,Zapatero,bzapaterokr@naver.com
Conant,Hiskey,chiskeyks@omniture.com
Levin,Rylatt,lrylattkt@earthlink.net
Tasia,Seres,tseresku@foxnews.com
Rivalee,O' Timony,rotimonykv@cisco.com
Wolfy,Glaserman,wglasermankw@about.com
Berkeley,Renvoys,brenvoyskx@ed.gov
Vergil,Olfert,volfertky@bbc.co.uk
Alfie,Philipson,aphilipsonkz@economist.com
Elianore,Jermyn,ejermynl0@vkontakte.ru
Sandi,Bowart,sbowartl1@free.fr
Vi,Mathen,vmathenl2@washington.edu
Jorie,Schwartz,jschwartzl3@webeden.co.uk
Hamil,Klyn,hklynl4@tiny.cc
Hill,Bielfeld,hbielfeldl5@usgs.gov
Manuel,Gilmartin,mgilmartinl6@rakuten.co.jp
Sybila,Artindale,sartindalel7@mayoclinic.com
Wenona,Ginnally,wginnallyl8@jimdo.com
Herbie,Westmoreland,hwestmorelandl9@freewebs.com
Zarla,Noulton,znoultonla@nsw.gov.au
Aida,Aires,aaireslb@usgs.gov
Olly,Yushankin,oyushankinlc@bloomberg.com
Roddie,Brugmann,rbrugmannld@nydailynews.com
Purcell,Yanshinov,pyanshinovle@phoca.cz
Archibaldo,Honig,ahoniglf@bigcartel.com
Gage,Boots,gbootslg@addthis.com
Dorthy,Chater,dchaterlh@cargocollective.com
Hunfredo,Bjorkan,hbjorkanli@blogtalkradio.com
Marabel,Dorton,mdortonlj@diigo.com
Betteanne,Hasnney,bhasnneylk@unesco.org
Morganica,Ernshaw,mernshawll@vinaora.com
Wolfie,Hawksley,whawksleylm@digg.com
Jody,Pessler,jpesslerln@arstechnica.com
Ealasaid,Vedeniktov,evedeniktovlo@slashdot.org
Hymie,Goadsby,hgoadsbylp@dedecms.com
Anatol,Berresford,aberresfordlq@cam.ac.uk
Garald,MacPadene,gmacpadenelr@nasa.gov
Olivette,Farnish,ofarnishls@google.co.uk
Corbin,Hawkins,chawkinslt@netlog.com
Candice,Newlan,cnewlanlu@auda.org.au
Tadeo,Hands,thandslv@sbwire.com
Karen,Maes,kmaeslw@delicious.com
Kakalina,Scarfe,kscarfelx@usgs.gov
Amy,Mendel,amendelly@bloglovin.com
Joline,Scutts,jscuttslz@va.gov
Katya,Lodford,klodfordm0@aol.com
Katheryn,Sanbrook,ksanbrookm1@state.gov
Wainwright,Nial,wnialm2@github.io
Kara-lynn,Rollings,krollingsm3@loc.gov
Lilah,Gillimgham,lgillimghamm4@census.gov
Emalia,Redgate,eredgatem5@gov.uk
William,Pinnock,wpinnockm6@list-manage.com
Northrup,Challis,nchallism7@chicagotribune.com
Bobbye,Parman,bparmanm8@pcworld.com
Aguistin,Karleman,akarlemanm9@marriott.com
Anna-diane,Briers,abriersma@vimeo.com
Dick,Peake,dpeakemb@miitbeian.gov.cn
Faith,Iacomelli,fiacomellimc@stumbleupon.com
Irma,Cripwell,icripwellmd@hubpages.com
Kare,Goodwyn,kgoodwynme@bbc.co.uk
Dianne,Tunney,dtunneymf@jigsy.com
Jobey,Farnes,jfarnesmg@google.com.br
Iorgos,Pelham,ipelhammh@bandcamp.com
Tedmund,Mervyn,tmervynmi@kickstarter.com
Rafael,Luciani,rlucianimj@1688.com
Aggy,Geddes,ageddesmk@webs.com
Johna,O'dell,jodellml@bizjournals.com
Salomi,Stephens,sstephensmm@parallels.com
Joanna,Raittie,jraittiemn@marriott.com
Garret,Balleine,gballeinemo@netscape.com
Malanie,Loveguard,mloveguardmp@aboutads.info
Lucila,Pawling,lpawlingmq@exblog.jp
Bernadina,Weekly,bweeklymr@yolasite.com
Letisha,Grebert,lgrebertms@altervista.org
Giralda,Ioan,gioanmt@jimdo.com
Delphine,Heakey,dheakeymu@ask.com
Florian,Studdert,fstuddertmv@ucla.edu
Audie,Knoller,aknollermw@nyu.edu
Enos,Rambaut,erambautmx@wikimedia.org
Bettina,Gallen,bgallenmy@blog.com
Olivia,Peiro,opeiromz@deviantart.com
Pete,Connerly,pconnerlyn0@google.com.au
Waverley,Chorlton,wchorltonn1@netvibes.com
Westbrooke,Skein,wskeinn2@themeforest.net
Larissa,Clowley,lclowleyn3@ihg.com
Kelila,Godfree,kgodfreen4@hubpages.com
Tony,Cearley,tcearleyn5@japanpost.jp
Cayla,Cupper,ccuppern6@cpanel.net
Dew,Soar,dsoarn7@umich.edu
Jerrilee,Blackmuir,jblackmuirn8@time.com
Margarete,McGenn,mmcgennn9@g.co
Olenolin,Moorey,omooreyna@slideshare.net
Bondie,Hauch,bhauchnb@netvibes.com
Hewet,Sergant,hsergantnc@over-blog.com
Man,Cavy,mcavynd@narod.ru
Estella,Garman,egarmanne@epa.gov
Basilio,Burgin,bburginnf@livejournal.com
Cthrine,Fitzsimons,cfitzsimonsng@stanford.edu
Lezlie,Pinwell,lpinwellnh@tinyurl.com
Van,Kelleher,vkelleherni@t-online.de
Viole,Dowe,vdowenj@cnn.com
Sinclare,Kelson,skelsonnk@furl.net
Tana,Hovel,thovelnl@xinhuanet.com
Gracia,Piddlesden,gpiddlesdennm@symantec.com
Adamo,Rizon,arizonnn@yellowbook.com
Sephira,Hemstead,shemsteadno@pagesperso-orange.fr
Larry,O' Byrne,lobyrnenp@xrea.com
Sully,Hellewell,shellewellnq@fotki.com
Rosina,Giannasi,rgiannasinr@pagesperso-orange.fr
Aguste,Janowski,ajanowskins@surveymonkey.com
Missy,Gomery,mgomerynt@feedburner.com
Caresse,Goodinson,cgoodinsonnu@elpais.com
Desmund,Roundtree,droundtreenv@list-manage.com
Silvano,Camm,scammnw@webnode.com
Robinetta,Powter,rpowternx@surveymonkey.com
Ethelyn,Sedgman,esedgmanny@buzzfeed.com
Janela,Gherardelli,jgherardellinz@mayoclinic.com
Ernesto,Liddard,eliddardo0@themeforest.net
Garreth,Henriquet,ghenriqueto1@mlb.com
Nigel,Shakshaft,nshakshafto2@list-manage.com
Mac,William,mwilliamo3@smh.com.au
Milt,O'Scollain,moscollaino4@earthlink.net
Lawrence,Ghelardoni,lghelardonio5@google.pl
Garvy,Petren,gpetreno6@biblegateway.com
Chickie,Kinloch,ckinlocho7@gov.uk
Nolly,Haville,nhavilleo8@barnesandnoble.com
Petronille,Arnaldy,parnaldyo9@odnoklassniki.ru
Montgomery,Vasyatkin,mvasyatkinoa@google.com.au
Marwin,Bradneck,mbradneckob@nationalgeographic.com
Timmi,Adshad,tadshadoc@bloomberg.com
Rand,Dallman,rdallmanod@kickstarter.com
Norry,Girling,ngirlingoe@ehow.com
Lurleen,Lowes,llowesof@cbslocal.com
Gertrud,Wadhams,gwadhamsog@yandex.ru
Clevey,Forbear,cforbearoh@geocities.jp
Marietta,Syne,msyneoi@over-blog.com
Orson,Strond,ostrondoj@mapquest.com
Regine,Cracknall,rcracknallok@europa.eu
Glyn,Crossland,gcrosslandol@hexun.com
Raf,Riedel,rriedelom@de.vu
Flss,Dunridge,fdunridgeon@businessweek.com
Tanner,Hullot,thullotoo@census.gov
Hobie,Bodicam,hbodicamop@ed.gov
Hyatt,Ruoff,hruoffoq@geocities.com
Travis,Crutchley,tcrutchleyor@imageshack.us
Maye,Roxbrough,mroxbroughos@pcworld.com
Natalee,Uman,numanot@nba.com
Sophia,Scutchin,sscutchinou@networkadvertising.org
Korella,Winterburn,kwinterburnov@mtv.com
Bernadine,Whye,bwhyeow@answers.com
Melitta,Tofanelli,mtofanelliox@shareasale.com
Dennie,Snasdell,dsnasdelloy@indiegogo.com
Iain,Fiennes,ifiennesoz@disqus.com
Udell,Bonnaire,ubonnairep0@t.co
Rustin,Marcos,rmarcosp1@mapquest.com
Cathrine,Coulthard,ccoulthardp2@nbcnews.com
Templeton,Ferrarello,tferrarellop3@adobe.com
Carl,Albasiny,calbasinyp4@cnn.com
Beverlie,Haslin,bhaslinp5@marketwatch.com
Cari,Tuxwell,ctuxwellp6@europa.eu
Kassey,Carlo,kcarlop7@domainmarket.com
Mychal,Bolmann,mbolmannp8@homestead.com
Mala,Garrett,mgarrettp9@gravatar.com
Herc,Bagley,hbagleypa@skyrock.com
Karl,Torra,ktorrapb@zdnet.com
Giffard,McLeman,gmclemanpc@mozilla.org
Lorinda,Hyams,lhyamspd@netscape.com
Jerrylee,Pegden,jpegdenpe@netscape.com
Sibelle,Emmot,semmotpf@aboutads.info
Archambault,Sheekey,asheekeypg@nytimes.com
Maryl,Cantle,mcantleph@e-recht24.de
Gilbert,Omand,gomandpi@ebay.co.uk
Marta,Ibotson,mibotsonpj@psu.edu
Emmalyn,Von Hindenburg,evonhindenburgpk@cpanel.net
Briano,Podmore,bpodmorepl@simplemachines.org
Alvera,McGahern,amcgahernpm@bbc.co.uk
Amelina,Pauncefort,apauncefortpn@youtu.be
Tallie,Rilings,trilingspo@nih.gov
Alecia,Pietasch,apietaschpp@telegraph.co.uk
Kelly,Chalcot,kchalcotpq@over-blog.com
Tab,Duffie,tduffiepr@alibaba.com
Annette,Belderson,abeldersonps@berkeley.edu
Alene,Bendig,abendigpt@qq.com
Agnella,Reveley,areveleypu@wikipedia.org
Jori,Townshend,jtownshendpv@nymag.com
Chickie,Barkworth,cbarkworthpw@narod.ru
Ira,Caldero,icalderopx@blog.com
Sigfried,Norville,snorvillepy@admin.ch
Lesley,Kyneton,lkynetonpz@si.edu
Karlan,Haverty,khavertyq0@icio.us
Cleveland,Milborn,cmilbornq1@addtoany.com
Nowell,Tchaikovsky,ntchaikovskyq2@a8.net
Netta,Denniss,ndennissq3@examiner.com
June,Dudeney,jdudeneyq4@engadget.com
Sansone,Lovelady,sloveladyq5@issuu.com
Erika,Banaszkiewicz,ebanaszkiewiczq6@over-blog.com
Ximenez,Trunks,xtrunksq7@shop-pro.jp
Dona,Macey,dmaceyq8@mediafire.com
Ezra,Marcroft,emarcroftq9@google.ca
Hynda,Brinkley,hbrinkleyqa@netlog.com
Alexis,Eschalotte,aeschalotteqb@google.com.br
Juliette,Niche,jnicheqc@rediff.com
Flora,McConville,fmcconvilleqd@harvard.edu
Dagmar,Botterman,dbottermanqe@spotify.com
Sibilla,Brownscombe,sbrownscombeqf@eventbrite.com
Blaire,Cotton,bcottonqg@tinypic.com
Willie,Fellon,wfellonqh@symantec.com
Ignacio,Buie,ibuieqi@istockphoto.com
Benji,Dolton,bdoltonqj@desdev.cn
Wilhelmine,Ashby,washbyqk@amazon.co.uk
Bevin,Piers,bpiersql@360.cn
Lyndel,Dunk,ldunkqm@nymag.com
Albina,O'Teague,aoteagueqn@ihg.com
Nevil,Provest,nprovestqo@imageshack.us
Libbi,Chandler,lchandlerqp@psu.edu
Henka,Wigsell,hwigsellqq@paypal.com
Currie,Wernham,cwernhamqr@businessweek.com
Taddeo,Zecchii,tzecchiiqs@dagondesign.com
Jamesy,Truggian,jtruggianqt@census.gov
Arri,Marsay,amarsayqu@sbwire.com
Barry,Heine,bheineqv@alibaba.com
Ruddy,Cornwell,rcornwellqw@altervista.org
Roberto,Butterick,rbutterickqx@uiuc.edu
Sacha,Hollidge,shollidgeqy@baidu.com
Gaile,Snelgrove,gsnelgroveqz@whitehouse.gov
Maisey,Counsell,mcounsellr0@forbes.com
Elisabetta,Stable,establer1@admin.ch
Abby,Davio,adavior2@51.la
Hymie,Bourgourd,hbourgourdr3@tumblr.com
Daniella,Weaving,dweavingr4@squarespace.com
Nerta,Berrecloth,nberreclothr5@who.int
Otto,Muzzini,omuzzinir6@businessweek.com
Merline,Bolderson,mboldersonr7@chron.com
Diego,Alwen,dalwenr8@state.tx.us
Teodoor,Linforth,tlinforthr9@bing.com
Cathy,Mankor,cmankorra@newsvine.com
Dion,Melia,dmeliarb@sciencedirect.com
Yasmeen,Blakebrough,yblakebroughrc@facebook.com
Madalena,Reidie,mreidierd@weather.com
Koressa,Brambley,kbrambleyre@answers.com
Alasdair,Auchinleck,aauchinleckrf@meetup.com
Torry,O'Corren,tocorrenrg@flickr.com
Alric,Wathey,awatheyrh@japanpost.jp
Kikelia,Esbrook,kesbrookri@unc.edu
Karylin,Crum,kcrumrj@lulu.com
Anatollo,Lente,alenterk@tiny.cc
Neila,Kentwell,nkentwellrl@un.org
Clare,Frick,cfrickrm@jimdo.com
Demetra,Adcock,dadcockrn@behance.net
Natka,Kopp,nkoppro@purevolume.com
Juli,Battelle,jbattellerp@mozilla.com
Fina,Fisk,ffiskrq@nydailynews.com
Agosto,Skains,askainsrr@vk.com
